name,psnr,ssim,lpips
00000,22.761892318725586,0.7926648259162903,0.11428896337747574
00001,22.772207260131836,0.7975013852119446,0.11784684658050537
00002,22.27269744873047,0.7870651483535767,0.11728562414646149
00003,20.885347366333008,0.7709609866142273,0.12754011154174805
00004,22.135112762451172,0.793460488319397,0.12349877506494522
00005,22.781246185302734,0.7975741624832153,0.11264809966087341
00006,22.801664352416992,0.8067255616188049,0.10406939685344696
00007,23.250389099121094,0.8218356966972351,0.09461333602666855
00008,22.879730224609375,0.8183639645576477,0.08847121149301529
00009,22.938674926757812,0.8301037549972534,0.08351597189903259
00010,22.877050399780273,0.8335908055305481,0.07538829743862152
00011,22.33550262451172,0.8179799318313599,0.08900963515043259
00012,22.211376190185547,0.8203312754631042,0.09308913350105286
00013,21.9119930267334,0.8048294186592102,0.09070932865142822
00014,20.961088180541992,0.7855496406555176,0.09899076074361801
00015,19.87152671813965,0.7780296206474304,0.1093018651008606
00016,19.698347091674805,0.7683723568916321,0.10960894823074341
00017,19.409818649291992,0.7547388672828674,0.12689360976219177
00018,19.89805793762207,0.7442082166671753,0.14151710271835327
00019,21.05678367614746,0.7550538778305054,0.1471080631017685
00020,20.6065673828125,0.7435001730918884,0.1623018980026245
00021,20.141185760498047,0.7323426008224487,0.1639232337474823
00022,19.922626495361328,0.7359257340431213,0.18456226587295532
00023,20.610769271850586,0.7513860464096069,0.1617555022239685
00024,20.524703979492188,0.7553872466087341,0.1572289764881134
00025,20.124738693237305,0.7576944828033447,0.15063443779945374
00026,20.01333999633789,0.7427278757095337,0.1790534108877182
00027,20.74122428894043,0.7445105910301208,0.18595008552074432
00028,20.014732360839844,0.7312973737716675,0.19226765632629395
00029,19.247028350830078,0.7138053178787231,0.208247572183609
00030,19.322540283203125,0.7079863548278809,0.21099737286567688
00031,19.053852081298828,0.7078536152839661,0.19911235570907593
00032,19.574039459228516,0.7266911268234253,0.17426438629627228
00033,20.03631591796875,0.7289451360702515,0.17376075685024261
00034,20.263620376586914,0.7363265752792358,0.15960657596588135
00035,20.552082061767578,0.7479260563850403,0.1337980329990387
00036,19.97109603881836,0.7443822622299194,0.1335413157939911
00037,20.66652488708496,0.7541014552116394,0.11602629721164703
00038,21.647293090820312,0.7819815278053284,0.10993243753910065
00039,21.296537399291992,0.7615402936935425,0.10212773084640503
00040,21.40174674987793,0.7614603042602539,0.11156027764081955
00041,20.703868865966797,0.7510058283805847,0.12740236520767212
00042,20.825428009033203,0.7422608137130737,0.14173367619514465
00043,20.59935760498047,0.7264935374259949,0.17605140805244446
00044,18.343116760253906,0.7005763649940491,0.21848352253437042
00045,17.930984497070312,0.6986274719238281,0.224838525056839
00046,18.17010498046875,0.7085857391357422,0.19862449169158936
00047,19.469993591308594,0.7220989465713501,0.17218126356601715
00048,20.261444091796875,0.7386120557785034,0.1603202372789383
00049,19.94967269897461,0.7387626767158508,0.15159542858600616
00050,19.215065002441406,0.7323889136314392,0.14820122718811035
00051,19.10512924194336,0.7261277437210083,0.15392325818538666
00052,18.725563049316406,0.719997227191925,0.15659354627132416
00053,18.638320922851562,0.7215320467948914,0.1519666463136673
00054,19.161495208740234,0.7234790325164795,0.13948699831962585
00055,19.422191619873047,0.7241021990776062,0.13715651631355286
00056,19.370471954345703,0.7112434506416321,0.14201301336288452
00057,19.91258430480957,0.7225458025932312,0.13789322972297668
00058,20.665618896484375,0.7366748452186584,0.14424628019332886
00059,20.475418090820312,0.7382099628448486,0.1597449779510498
00060,12.903854370117188,0.532095193862915,0.30860888957977295
00061,17.92351531982422,0.6584798097610474,0.21479035913944244
00062,18.88292121887207,0.683455765247345,0.2118968963623047
00063,18.30385971069336,0.6685044765472412,0.2189120501279831
00064,17.777523040771484,0.6679904460906982,0.23480543494224548
00065,18.126142501831055,0.6785126328468323,0.21352970600128174
00066,18.704343795776367,0.6972041726112366,0.1875735968351364
00067,19.729122161865234,0.7142460346221924,0.17243093252182007
00068,19.2100830078125,0.7052713632583618,0.17954225838184357
00069,18.90146255493164,0.7026209235191345,0.17455986142158508
00070,18.502853393554688,0.693966269493103,0.19276204705238342
00071,19.0965576171875,0.7038496732711792,0.17982643842697144
00072,19.71293830871582,0.7177070379257202,0.17864274978637695
00073,19.854171752929688,0.718407392501831,0.18184825778007507
00074,19.48681640625,0.7047803401947021,0.20544114708900452
00075,19.51910400390625,0.7083408832550049,0.18899686634540558
00076,18.119369506835938,0.6772046089172363,0.22633907198905945
00077,16.719913482666016,0.6478370428085327,0.2559276223182678
00078,16.566991806030273,0.6373541951179504,0.27329087257385254
00079,16.525428771972656,0.621232807636261,0.2777695655822754
00080,17.340965270996094,0.6443898677825928,0.2651457190513611
00081,17.70966911315918,0.6770083904266357,0.23429396748542786
00082,17.755962371826172,0.6873438954353333,0.21576079726219177
00083,18.282724380493164,0.7130492925643921,0.2000332772731781
00084,18.298072814941406,0.7119208574295044,0.1844210922718048
00085,17.78725814819336,0.7047116160392761,0.1990472823381424
00086,17.82692527770996,0.7039568424224854,0.18737220764160156
00087,17.839969635009766,0.6986652612686157,0.1901155412197113
00088,18.361663818359375,0.7136560678482056,0.1622447371482849
00089,18.774593353271484,0.7312284111976624,0.1482565701007843
00090,19.41299819946289,0.7345085740089417,0.15036574006080627
00091,19.751461029052734,0.7407093644142151,0.1509568989276886
00092,19.786670684814453,0.7199883460998535,0.16483835875988007
00093,20.342342376708984,0.7358331084251404,0.14863014221191406
00094,20.32161521911621,0.7291039228439331,0.15472912788391113
00095,20.422252655029297,0.7436210513114929,0.15730175375938416
00096,18.800004959106445,0.7201329469680786,0.16087114810943604
00097,18.537452697753906,0.7109256386756897,0.1559160351753235
00098,18.811260223388672,0.7297114729881287,0.15558484196662903
00099,18.958189010620117,0.7227566242218018,0.16192921996116638
00100,19.16322135925293,0.7208684086799622,0.17380686104297638
00101,19.69424819946289,0.7302684783935547,0.16047430038452148
00102,19.48482322692871,0.7249869704246521,0.16225802898406982
00103,19.165523529052734,0.7208523154258728,0.1671961545944214
00104,19.168811798095703,0.7199571132659912,0.18016153573989868
00105,19.433883666992188,0.719510555267334,0.1677798628807068
00106,19.420764923095703,0.7074739336967468,0.16653576493263245
00107,19.73842430114746,0.7140344977378845,0.16067689657211304
00108,19.714515686035156,0.7025222182273865,0.16197974979877472
00109,19.69900894165039,0.7116830945014954,0.17414560914039612
00110,18.546682357788086,0.6804254055023193,0.1992410272359848
00111,18.980823516845703,0.6850316524505615,0.20341531932353973
00112,18.627775192260742,0.676734209060669,0.20492437481880188
00113,18.677356719970703,0.6867390275001526,0.1985165923833847
00114,18.843053817749023,0.6898009777069092,0.21373312175273895
00115,18.541316986083984,0.6745884418487549,0.21547295153141022
00116,19.012386322021484,0.6854157447814941,0.20441827178001404
00117,18.901844024658203,0.6898109912872314,0.19590139389038086
00118,17.9764461517334,0.6715161204338074,0.19805757701396942
00119,18.792858123779297,0.6819623708724976,0.19979828596115112
00120,18.626487731933594,0.672721266746521,0.21700863540172577
00121,18.468358993530273,0.6688041090965271,0.20608802139759064
00122,18.198028564453125,0.6542885899543762,0.22698912024497986
00123,17.331100463867188,0.6315950155258179,0.24909773468971252
00124,17.45380973815918,0.6384158730506897,0.2509847581386566
00125,17.71581268310547,0.6474263668060303,0.2589515447616577
00126,17.163570404052734,0.6455249786376953,0.2596814036369324
00127,16.50704574584961,0.6397020220756531,0.24262897670269012
00128,16.882110595703125,0.6559177041053772,0.22163408994674683
00129,19.665142059326172,0.7057195901870728,0.17825132608413696
00130,20.07317352294922,0.7252163290977478,0.19920432567596436
00131,20.989601135253906,0.7587888836860657,0.15989950299263
00132,21.942703247070312,0.782576858997345,0.13346777856349945
00133,21.826406478881836,0.7852779626846313,0.11537858098745346
00134,22.512981414794922,0.7968966960906982,0.10245530307292938
00135,22.578441619873047,0.8082771301269531,0.09324075281620026
00136,21.64663314819336,0.8012628555297852,0.10293082892894745
00137,21.413604736328125,0.8021485209465027,0.1068178117275238
00138,21.680438995361328,0.7893415093421936,0.11683043092489243
00139,21.761001586914062,0.7814295887947083,0.11405453830957413
00140,22.34406089782715,0.796074390411377,0.1052994579076767
00141,22.07210922241211,0.797067403793335,0.12354222685098648
00142,21.324674606323242,0.7583988308906555,0.12652742862701416
00143,20.71335220336914,0.7375562191009521,0.16162976622581482
00144,21.21335220336914,0.7579452395439148,0.15381531417369843
00145,20.610626220703125,0.750758171081543,0.17050911486148834
00146,19.816255569458008,0.7286198735237122,0.19968941807746887
00147,18.688724517822266,0.7115534543991089,0.19274917244911194
00148,17.459877014160156,0.7069798707962036,0.22150567173957825
00149,17.636486053466797,0.6811011433601379,0.2158023715019226
00150,17.978553771972656,0.675331175327301,0.2177257090806961
00151,18.469192504882812,0.6631731986999512,0.1947248876094818
00152,18.509756088256836,0.6524155139923096,0.22506219148635864
00153,19.20245933532715,0.6773381233215332,0.1806965172290802
00154,19.008670806884766,0.6872872114181519,0.18825159966945648
00155,18.987518310546875,0.7094807624816895,0.191552996635437
00156,18.389738082885742,0.6985407471656799,0.1991923600435257
00157,19.014354705810547,0.675559401512146,0.1965559422969818
00158,18.97672462463379,0.6721198558807373,0.21755900979042053
00159,18.721521377563477,0.6769888997077942,0.20619869232177734
00160,18.54231834411621,0.6563957333564758,0.24002587795257568
00161,18.638456344604492,0.6711209416389465,0.21362045407295227
00162,18.500654220581055,0.6961538195610046,0.1780167669057846
00163,19.8492488861084,0.7178668975830078,0.16441090404987335
00164,20.2957820892334,0.7125062942504883,0.15612052381038666
00165,19.99171257019043,0.7181175947189331,0.17002876102924347
00166,20.61919403076172,0.7496130466461182,0.1691989153623581
00167,20.434011459350586,0.7453176975250244,0.1577933430671692
00168,20.78692626953125,0.7457683086395264,0.1604785919189453
00169,20.304061889648438,0.7293102145195007,0.16161352396011353
00170,20.222793579101562,0.7178834676742554,0.15649747848510742
00171,20.58890151977539,0.7497105598449707,0.158069908618927
00172,20.557828903198242,0.7433114051818848,0.15287825465202332
00173,20.914932250976562,0.7519003748893738,0.16159215569496155
00174,20.947492599487305,0.7429532408714294,0.16898113489151
00175,20.929922103881836,0.7483459115028381,0.14975973963737488
00176,20.647178649902344,0.7301284074783325,0.1805492490530014
00177,21.16211700439453,0.7263481020927429,0.1786309778690338
00178,20.717275619506836,0.7132232785224915,0.20819565653800964
00179,20.189212799072266,0.678048312664032,0.21947374939918518
00180,19.85537338256836,0.6684882640838623,0.23387590050697327
00181,20.344053268432617,0.6879709362983704,0.23434238135814667
00182,19.84011459350586,0.684353232383728,0.2346140444278717
00183,19.33991813659668,0.6834509372711182,0.2370036542415619
00184,19.088964462280273,0.6771060824394226,0.24300441145896912
00185,19.26270294189453,0.6726958751678467,0.24610400199890137
00186,19.60035514831543,0.6802908182144165,0.24784335494041443
00187,19.932270050048828,0.6897032856941223,0.2177538275718689
00188,19.817256927490234,0.690353512763977,0.23127871751785278
00189,18.18544578552246,0.6457228064537048,0.27329885959625244
00190,18.766319274902344,0.6517856121063232,0.2814653515815735
00191,18.888158798217773,0.6496089100837708,0.27964019775390625
00192,19.585952758789062,0.6661314964294434,0.2601959705352783
00193,20.85805892944336,0.6886393427848816,0.2197711169719696
00194,20.562740325927734,0.7192726731300354,0.1996496170759201
00195,20.094215393066406,0.7200741171836853,0.18470333516597748
00196,19.76460838317871,0.7311840057373047,0.1689186543226242
00197,19.514814376831055,0.7408492565155029,0.14514124393463135
00198,18.91683578491211,0.7395289540290833,0.15415941178798676
00199,20.023712158203125,0.7655099630355835,0.14844143390655518
00200,20.370943069458008,0.7575206160545349,0.1508505791425705
00201,19.41083335876465,0.7258368730545044,0.1913663148880005
00202,18.55280876159668,0.6854172945022583,0.2353060096502304
00203,17.91685676574707,0.6796324849128723,0.24100996553897858
00204,18.264968872070312,0.681084394454956,0.2217290699481964
00205,19.53472137451172,0.7011910080909729,0.20768289268016815
00206,21.235759735107422,0.7387834787368774,0.16450518369674683
00207,21.96150779724121,0.7945619821548462,0.10708843916654587
00208,22.08185386657715,0.7975744009017944,0.10229196399450302
00209,22.153806686401367,0.7885285019874573,0.1050814539194107
00210,21.955053329467773,0.783322274684906,0.10052356123924255
00211,21.759511947631836,0.7855494618415833,0.11031639575958252
00212,20.628814697265625,0.7740709185600281,0.1146719753742218
00213,20.02387237548828,0.7578961253166199,0.13309001922607422
00214,20.272624969482422,0.7494649291038513,0.1467403769493103
00215,19.699440002441406,0.7289206385612488,0.1762913465499878
00216,18.21390151977539,0.6730675101280212,0.20113354921340942
00217,17.340900421142578,0.631832480430603,0.2450440675020218
00218,16.293575286865234,0.6009377837181091,0.2772976756095886
00219,15.433492660522461,0.5951384902000427,0.27837076783180237
00220,16.66130828857422,0.6452780961990356,0.2354762852191925
00221,18.909460067749023,0.7132012248039246,0.16074618697166443
00222,19.889463424682617,0.7378637790679932,0.1420505940914154
00223,19.80954933166504,0.7331972718238831,0.14378732442855835
00224,19.705032348632812,0.7330816984176636,0.14155445992946625
00225,19.4443359375,0.7148837447166443,0.15415433049201965
00226,18.580718994140625,0.7113557457923889,0.17973992228507996
00227,17.586490631103516,0.6873127222061157,0.2131706178188324
00228,17.375316619873047,0.6748764514923096,0.22379392385482788
00229,18.33844757080078,0.6906006932258606,0.21340787410736084
00230,16.901840209960938,0.6685150265693665,0.22488902509212494
00231,17.107585906982422,0.6631096601486206,0.21593639254570007
00232,18.092430114746094,0.6856353282928467,0.20488500595092773
00233,18.99641227722168,0.6987446546554565,0.19321568310260773
00234,18.66217803955078,0.6882451176643372,0.18992677330970764
00235,18.965696334838867,0.6871309280395508,0.20324191451072693
00236,19.67139434814453,0.7000868916511536,0.18936987221240997
00237,19.557170867919922,0.7018871307373047,0.16735424101352692
00238,19.708251953125,0.7292866110801697,0.14772894978523254
00239,19.70618438720703,0.7359055876731873,0.1422923505306244
00240,19.448108673095703,0.724959135055542,0.1499173939228058
00241,19.664087295532227,0.7134654521942139,0.17392820119857788
00242,19.265117645263672,0.7078908681869507,0.1930631846189499
00243,18.295347213745117,0.6979591250419617,0.18758271634578705
00244,19.28779411315918,0.7124813795089722,0.17033997178077698
00245,19.23822784423828,0.7185146808624268,0.1728152632713318
00246,18.731260299682617,0.7079605460166931,0.17495062947273254
00247,18.167116165161133,0.691460371017456,0.19963908195495605
00248,17.809232711791992,0.6760453581809998,0.20598939061164856
00249,17.133052825927734,0.638651967048645,0.244597926735878
00250,16.772897720336914,0.633891761302948,0.24619467556476593
